[{"ACL":{"role:p6dMzjys22-Moderator":{"read":true,"write":true},"role:p6dMzjys22-Viewer":{"read":true}},"building":{"__type":"Pointer","className":"Building","objectId":"BUfb1YWDms"},"expectedLifeTime":12,"floorIndex":0,"installedAt":{"__type":"Date","iso":"2016-05-14T21:00:00.000Z"},"major":1,"minor":30,"model":{"__type":"Pointer","className":"BeaconModel","objectId":"5PCBT0xjSR"},"power":0,"rate":200,"x":599507.5164231136,"y":2358351.0830610814,"objectId":"nclZCCpvDw","createdAt":"2016-05-15T13:15:02.155Z","updatedAt":"2016-05-15T13:15:02.155Z"},{"ACL":{"role:p6dMzjys22-Moderator":{"read":true,"write":true},"role:p6dMzjys22-Viewer":{"read":true}},"building":{"__type":"Pointer","className":"Building","objectId":"BUfb1YWDms"},"expectedLifeTime":12,"floorIndex":0,"installedAt":{"__type":"Date","iso":"2016-05-14T21:00:00.000Z"},"major":1,"minor":71,"model":{"__type":"Pointer","className":"BeaconModel","objectId":"5PCBT0xjSR"},"power":0,"rate":200,"x":599509.3685101512,"y":2358356.903906056,"objectId":"xsR1zO3KNX","createdAt":"2016-05-15T13:15:34.189Z","updatedAt":"2016-05-15T13:15:34.189Z"},{"ACL":{"role:p6dMzjys22-Moderator":{"read":true,"write":true},"role:p6dMzjys22-Viewer":{"read":true}},"building":{"__type":"Pointer","className":"Building","objectId":"BUfb1YWDms"},"expectedLifeTime":12,"floorIndex":0,"installedAt":{"__type":"Date","iso":"2016-05-14T21:00:00.000Z"},"major":1,"minor":28,"model":{"__type":"Pointer","className":"BeaconModel","objectId":"5PCBT0xjSR"},"power":0,"rate":200,"x":599504.7382925573,"y":2358357.763803609,"objectId":"eORF3ULtsL","createdAt":"2016-05-15T13:14:32.561Z","updatedAt":"2016-05-15T13:14:32.561Z"},{"ACL":{"role:p6dMzjys22-Moderator":{"read":true,"write":true},"role:p6dMzjys22-Viewer":{"read":true}},"building":{"__type":"Pointer","className":"Building","objectId":"BUfb1YWDms"},"expectedLifeTime":12,"floorIndex":0,"installedAt":{"__type":"Date","iso":"2016-05-14T21:00:00.000Z"},"major":1,"minor":27,"model":{"__type":"Pointer","className":"BeaconModel","objectId":"5PCBT0xjSR"},"power":0,"rate":200,"x":599507.2518392511,"y":2358362.3278752374,"objectId":"fF16ydXJuc","createdAt":"2016-05-15T13:13:12.866Z","updatedAt":"2016-05-15T13:13:12.866Z"},{"ACL":{"role:p6dMzjys22-Moderator":{"read":true,"write":true},"role:p6dMzjys22-Viewer":{"read":true}},"building":{"__type":"Pointer","className":"Building","objectId":"BUfb1YWDms"},"expectedLifeTime":12,"floorIndex":0,"installedAt":{"__type":"Date","iso":"2016-05-14T21:00:00.000Z"},"major":1,"minor":26,"model":{"__type":"Pointer","className":"BeaconModel","objectId":"5PCBT0xjSR"},"power":0,"rate":200,"x":599501.4971402417,"y":2358365.436735622,"objectId":"jGBe0hyhD3","createdAt":"2016-05-15T13:12:33.355Z","updatedAt":"2016-05-15T13:12:33.355Z"},{"ACL":{"role:p6dMzjys22-Moderator":{"read":true,"write":true},"role:p6dMzjys22-Viewer":{"read":true}},"building":{"__type":"Pointer","className":"Building","objectId":"BUfb1YWDms"},"expectedLifeTime":12,"floorIndex":0,"installedAt":{"__type":"Date","iso":"2016-05-14T21:00:00.000Z"},"major":1,"minor":24,"model":{"__type":"Pointer","className":"BeaconModel","objectId":"5PCBT0xjSR"},"power":0,"rate":200,"x":599496.7346307167,"y":2358359.7481825785,"objectId":"UnT6aMvgHW","createdAt":"2016-05-15T13:11:23.833Z","updatedAt":"2016-05-15T13:11:23.833Z"},{"ACL":{"role:p6dMzjys22-Moderator":{"read":true,"write":true},"role:p6dMzjys22-Viewer":{"read":true}},"building":{"__type":"Pointer","className":"Building","objectId":"BUfb1YWDms"},"expectedLifeTime":12,"floorIndex":0,"installedAt":{"__type":"Date","iso":"2016-05-14T21:00:00.000Z"},"major":1,"minor":25,"model":{"__type":"Pointer","className":"BeaconModel","objectId":"5PCBT0xjSR"},"power":0,"rate":200,"x":599489.1278446697,"y":2358359.086722922,"objectId":"T1uBKIqmop","createdAt":"2016-05-15T13:12:12.039Z","updatedAt":"2016-05-15T13:12:12.039Z"},{"ACL":{"role:p6dMzjys22-Moderator":{"read":true,"write":true},"role:p6dMzjys22-Viewer":{"read":true}},"building":{"__type":"Pointer","className":"Building","objectId":"BUfb1YWDms"},"expectedLifeTime":12,"floorIndex":0,"installedAt":{"__type":"Date","iso":"2016-05-14T21:00:00.000Z"},"major":1,"minor":23,"model":{"__type":"Pointer","className":"BeaconModel","objectId":"5PCBT0xjSR"},"power":0,"rate":200,"x":599490.8476397761,"y":2358363.187772791,"objectId":"2vBgHp0U3n","createdAt":"2016-05-15T13:10:56.763Z","updatedAt":"2016-05-15T13:10:56.763Z"},{"ACL":{"role:p6dMzjys22-Moderator":{"read":true,"write":true},"role:p6dMzjys22-Viewer":{"read":true}},"building":{"__type":"Pointer","className":"Building","objectId":"BUfb1YWDms"},"expectedLifeTime":12,"floorIndex":0,"installedAt":{"__type":"Date","iso":"2016-05-14T21:00:00.000Z"},"major":1,"minor":22,"model":{"__type":"Pointer","className":"BeaconModel","objectId":"5PCBT0xjSR"},"power":0,"rate":200,"x":599484.6299190072,"y":2358366.7596549345,"objectId":"laPG6GzdEs","createdAt":"2016-05-15T13:08:50.598Z","updatedAt":"2016-05-15T13:08:50.598Z"},{"ACL":{"role:p6dMzjys22-Moderator":{"read":true,"write":true},"role:p6dMzjys22-Viewer":{"read":true}},"building":{"__type":"Pointer","className":"Building","objectId":"BUfb1YWDms"},"expectedLifeTime":12,"floorIndex":0,"installedAt":{"__type":"Date","iso":"2016-05-14T21:00:00.000Z"},"major":1,"minor":4,"model":{"__type":"Pointer","className":"BeaconModel","objectId":"5PCBT0xjSR"},"power":0,"rate":200,"x":599475.4356297852,"y":2358374.498732913,"objectId":"z7XORrRB7p","createdAt":"2016-05-15T12:32:47.240Z","updatedAt":"2016-05-15T12:32:47.240Z"},{"ACL":{"role:p6dMzjys22-Moderator":{"read":true,"write":true},"role:p6dMzjys22-Viewer":{"read":true}},"building":{"__type":"Pointer","className":"Building","objectId":"BUfb1YWDms"},"expectedLifeTime":12,"floorIndex":0,"installedAt":{"__type":"Date","iso":"2016-05-14T21:00:00.000Z"},"major":1,"minor":2,"model":{"__type":"Pointer","className":"BeaconModel","objectId":"5PCBT0xjSR"},"power":0,"rate":200,"x":599471.1361420195,"y":2358373.771127291,"objectId":"awQ0WeoQt8","createdAt":"2016-05-15T12:30:37.493Z","updatedAt":"2016-05-15T12:30:37.493Z"},{"ACL":{"role:p6dMzjys22-Moderator":{"read":true,"write":true},"role:p6dMzjys22-Viewer":{"read":true}},"building":{"__type":"Pointer","className":"Building","objectId":"BUfb1YWDms"},"expectedLifeTime":12,"floorIndex":0,"installedAt":{"__type":"Date","iso":"2016-05-14T21:00:00.000Z"},"major":1,"minor":1,"model":{"__type":"Pointer","className":"BeaconModel","objectId":"5PCBT0xjSR"},"power":0,"rate":200,"x":599468.3580114633,"y":2358372.646645875,"objectId":"NmeYV9dB4e","createdAt":"2016-05-15T12:30:13.105Z","updatedAt":"2016-05-15T12:30:13.105Z"},{"ACL":{"role:p6dMzjys22-Moderator":{"read":true,"write":true},"role:p6dMzjys22-Viewer":{"read":true}},"building":{"__type":"Pointer","className":"Building","objectId":"BUfb1YWDms"},"expectedLifeTime":12,"floorIndex":0,"installedAt":{"__type":"Date","iso":"2016-05-14T21:00:00.000Z"},"major":1,"minor":5,"model":{"__type":"Pointer","className":"BeaconModel","objectId":"5PCBT0xjSR"},"power":0,"rate":200,"x":599478.5444901696,"y":2358366.428925107,"objectId":"9UVsd5VOIL","createdAt":"2016-05-15T12:33:29.317Z","updatedAt":"2016-05-15T12:33:29.317Z"},{"ACL":{"role:p6dMzjys22-Moderator":{"read":true,"write":true},"role:p6dMzjys22-Viewer":{"read":true}},"building":{"__type":"Pointer","className":"Building","objectId":"BUfb1YWDms"},"expectedLifeTime":12,"floorIndex":0,"installedAt":{"__type":"Date","iso":"2016-05-14T21:00:00.000Z"},"major":1,"minor":8,"model":{"__type":"Pointer","className":"BeaconModel","objectId":"5PCBT0xjSR"},"power":0,"rate":200,"x":599482.7116860041,"y":2358356.837760091,"objectId":"VK8ZzU3MaS","createdAt":"2016-05-15T12:37:30.978Z","updatedAt":"2016-05-15T12:37:30.978Z"},{"ACL":{"role:p6dMzjys22-Moderator":{"read":true,"write":true},"role:p6dMzjys22-Viewer":{"read":true}},"building":{"__type":"Pointer","className":"Building","objectId":"BUfb1YWDms"},"expectedLifeTime":12,"floorIndex":0,"installedAt":{"__type":"Date","iso":"2016-05-14T21:00:00.000Z"},"major":1,"minor":7,"model":{"__type":"Pointer","className":"BeaconModel","objectId":"5PCBT0xjSR"},"power":0,"rate":200,"x":599477.0231329602,"y":2358357.9622415067,"objectId":"ybmkAFptFy","createdAt":"2016-05-15T12:35:51.691Z","updatedAt":"2016-05-15T12:35:51.691Z"},{"ACL":{"role:p6dMzjys22-Moderator":{"read":true,"write":true},"role:p6dMzjys22-Viewer":{"read":true}},"building":{"__type":"Pointer","className":"Building","objectId":"BUfb1YWDms"},"expectedLifeTime":12,"floorIndex":0,"installedAt":{"__type":"Date","iso":"2016-05-14T21:00:00.000Z"},"major":1,"minor":6,"model":{"__type":"Pointer","className":"BeaconModel","objectId":"5PCBT0xjSR"},"power":0,"rate":200,"x":599470.1439525352,"y":2358361.401831719,"objectId":"FKZQXmK1xA","createdAt":"2016-05-15T12:34:41.673Z","updatedAt":"2016-05-15T12:34:41.673Z"},{"ACL":{"role:p6dMzjys22-Moderator":{"read":true,"write":true},"role:p6dMzjys22-Viewer":{"read":true}},"building":{"__type":"Pointer","className":"Building","objectId":"BUfb1YWDms"},"expectedLifeTime":12,"floorIndex":0,"installedAt":{"__type":"Date","iso":"2016-05-14T21:00:00.000Z"},"major":1,"minor":21,"model":{"__type":"Pointer","className":"BeaconModel","objectId":"5PCBT0xjSR"},"power":0,"rate":200,"x":599466.1751945977,"y":2358362.8570429627,"objectId":"mQFQlZeY6h","createdAt":"2016-05-15T13:07:33.149Z","updatedAt":"2016-05-15T13:07:33.149Z"},{"ACL":{"role:p6dMzjys22-Moderator":{"read":true,"write":true},"role:p6dMzjys22-Viewer":{"read":true}},"building":{"__type":"Pointer","className":"Building","objectId":"BUfb1YWDms"},"expectedLifeTime":12,"floorIndex":0,"installedAt":{"__type":"Date","iso":"2016-05-14T21:00:00.000Z"},"major":1,"minor":3,"model":{"__type":"Pointer","className":"BeaconModel","objectId":"5PCBT0xjSR"},"power":0,"rate":200,"x":599466.1751945976,"y":2358367.0903847627,"objectId":"t1PU5aankw","createdAt":"2016-05-15T12:31:11.866Z","updatedAt":"2016-05-15T12:31:11.866Z"},{"ACL":{"role:p6dMzjys22-Moderator":{"read":true,"write":true},"role:p6dMzjys22-Viewer":{"read":true}},"building":{"__type":"Pointer","className":"Building","objectId":"BUfb1YWDms"},"expectedLifeTime":12,"floorIndex":0,"installedAt":{"__type":"Date","iso":"2016-05-14T21:00:00.000Z"},"major":1,"minor":20,"model":{"__type":"Pointer","className":"BeaconModel","objectId":"5PCBT0xjSR"},"power":0,"rate":200,"x":599464.6538373883,"y":2358356.044008503,"objectId":"I6bBzMSjjv","createdAt":"2016-05-15T13:06:49.887Z","updatedAt":"2016-05-15T13:06:49.887Z"},{"ACL":{"role:p6dMzjys22-Moderator":{"read":true,"write":true},"role:p6dMzjys22-Viewer":{"read":true}},"building":{"__type":"Pointer","className":"Building","objectId":"BUfb1YWDms"},"expectedLifeTime":12,"floorIndex":0,"installedAt":{"__type":"Date","iso":"2016-05-14T21:00:00.000Z"},"major":1,"minor":10,"model":{"__type":"Pointer","className":"BeaconModel","objectId":"5PCBT0xjSR"},"power":0,"rate":200,"x":599468.4903033945,"y":2358353.596607776,"objectId":"jFWjVZzaQx","createdAt":"2016-05-15T12:39:03.141Z","updatedAt":"2016-05-15T12:39:03.141Z"},{"ACL":{"role:p6dMzjys22-Moderator":{"read":true,"write":true},"role:p6dMzjys22-Viewer":{"read":true}},"building":{"__type":"Pointer","className":"Building","objectId":"BUfb1YWDms"},"expectedLifeTime":12,"floorIndex":0,"installedAt":{"__type":"Date","iso":"2016-05-14T21:00:00.000Z"},"major":1,"minor":9,"model":{"__type":"Pointer","className":"BeaconModel","objectId":"5PCBT0xjSR"},"power":0,"rate":200,"x":599472.8559371259,"y":2358352.075250566,"objectId":"N5CZwoV3RC","createdAt":"2016-05-15T12:38:12.164Z","updatedAt":"2016-05-15T12:38:12.164Z"},{"ACL":{"role:p6dMzjys22-Moderator":{"read":true,"write":true},"role:p6dMzjys22-Viewer":{"read":true}},"building":{"__type":"Pointer","className":"Building","objectId":"BUfb1YWDms"},"expectedLifeTime":12,"floorIndex":0,"installedAt":{"__type":"Date","iso":"2016-05-14T21:00:00.000Z"},"major":1,"minor":11,"model":{"__type":"Pointer","className":"BeaconModel","objectId":"5PCBT0xjSR"},"power":0,"rate":200,"x":599467.3658219789,"y":2358348.437222457,"objectId":"dU923aItwy","createdAt":"2016-05-15T12:39:30.323Z","updatedAt":"2016-05-15T12:39:30.323Z"},{"ACL":{"role:p6dMzjys22-Moderator":{"read":true,"write":true},"role:p6dMzjys22-Viewer":{"read":true}},"building":{"__type":"Pointer","className":"Building","objectId":"BUfb1YWDms"},"expectedLifeTime":12,"floorIndex":0,"installedAt":{"__type":"Date","iso":"2016-05-14T21:00:00.000Z"},"major":1,"minor":12,"model":{"__type":"Pointer","className":"BeaconModel","objectId":"5PCBT0xjSR"},"power":0,"rate":200,"x":599462.1402906944,"y":2358351.0169151165,"objectId":"GOjyVR95cb","createdAt":"2016-05-15T12:40:10.700Z","updatedAt":"2016-05-15T12:40:10.700Z"},{"ACL":{"role:p6dMzjys22-Moderator":{"read":true,"write":true},"role:p6dMzjys22-Viewer":{"read":true}},"building":{"__type":"Pointer","className":"Building","objectId":"BUfb1YWDms"},"expectedLifeTime":12,"floorIndex":0,"installedAt":{"__type":"Date","iso":"2016-05-14T21:00:00.000Z"},"major":1,"minor":72,"model":{"__type":"Pointer","className":"BeaconModel","objectId":"5PCBT0xjSR"},"power":0,"rate":200,"x":599458.7007004821,"y":2358349.6939958036,"objectId":"NhiOgpeLAL","createdAt":"2016-05-15T13:17:12.934Z","updatedAt":"2016-05-15T13:17:12.934Z"},{"ACL":{"role:p6dMzjys22-Moderator":{"read":true,"write":true},"role:p6dMzjys22-Viewer":{"read":true}},"building":{"__type":"Pointer","className":"Building","objectId":"BUfb1YWDms"},"expectedLifeTime":12,"floorIndex":0,"installedAt":{"__type":"Date","iso":"2016-05-14T21:00:00.000Z"},"major":1,"minor":14,"model":{"__type":"Pointer","className":"BeaconModel","objectId":"5PCBT0xjSR"},"power":0,"rate":200,"x":599460.0236197944,"y":2358344.203880657,"objectId":"QtieO92YGT","createdAt":"2016-05-15T12:42:34.017Z","updatedAt":"2016-05-15T12:42:34.017Z"},{"ACL":{"role:p6dMzjys22-Moderator":{"read":true,"write":true},"role:p6dMzjys22-Viewer":{"read":true}},"building":{"__type":"Pointer","className":"Building","objectId":"BUfb1YWDms"},"expectedLifeTime":12,"floorIndex":0,"installedAt":{"__type":"Date","iso":"2016-05-14T21:00:00.000Z"},"major":1,"minor":13,"model":{"__type":"Pointer","className":"BeaconModel","objectId":"5PCBT0xjSR"},"power":0,"rate":200,"x":599451.5569361944,"y":2358347.18044911,"objectId":"jJblEIUXuw","createdAt":"2016-05-15T12:40:46.718Z","updatedAt":"2016-05-15T12:40:46.718Z"},{"ACL":{"role:p6dMzjys22-Moderator":{"read":true,"write":true},"role:p6dMzjys22-Viewer":{"read":true}},"building":{"__type":"Pointer","className":"Building","objectId":"BUfb1YWDms"},"expectedLifeTime":12,"floorIndex":0,"installedAt":{"__type":"Date","iso":"2016-05-14T21:00:00.000Z"},"major":1,"minor":15,"model":{"__type":"Pointer","className":"BeaconModel","objectId":"5PCBT0xjSR"},"power":0,"rate":200,"x":599454.1366288537,"y":2358341.227312204,"objectId":"MVOPS6Q2cz","createdAt":"2016-05-15T12:42:58.311Z","updatedAt":"2016-05-15T12:42:58.311Z"},{"ACL":{"role:p6dMzjys22-Moderator":{"read":true,"write":true},"role:p6dMzjys22-Viewer":{"read":true}},"building":{"__type":"Pointer","className":"Building","objectId":"BUfb1YWDms"},"expectedLifeTime":12,"floorIndex":0,"installedAt":{"__type":"Date","iso":"2016-05-14T21:00:00.000Z"},"major":1,"minor":16,"model":{"__type":"Pointer","className":"BeaconModel","objectId":"5PCBT0xjSR"},"power":0,"rate":200,"x":599448.0512000162,"y":2358346.0559676946,"objectId":"YYJvS3cZmL","createdAt":"2016-05-15T12:43:33.998Z","updatedAt":"2016-05-15T12:43:33.998Z"},{"ACL":{"role:p6dMzjys22-Moderator":{"read":true,"write":true},"role:p6dMzjys22-Viewer":{"read":true}},"building":{"__type":"Pointer","className":"Building","objectId":"BUfb1YWDms"},"expectedLifeTime":12,"floorIndex":0,"installedAt":{"__type":"Date","iso":"2016-05-14T21:00:00.000Z"},"major":1,"minor":17,"model":{"__type":"Pointer","className":"BeaconModel","objectId":"5PCBT0xjSR"},"power":0,"rate":200,"x":599450.7631846068,"y":2358339.970538857,"objectId":"u6h25OjMKI","createdAt":"2016-05-15T12:43:57.167Z","updatedAt":"2016-05-15T12:43:57.167Z"},{"ACL":{"role:p6dMzjys22-Moderator":{"read":true,"write":true},"role:p6dMzjys22-Viewer":{"read":true}},"building":{"__type":"Pointer","className":"Building","objectId":"BUfb1YWDms"},"expectedLifeTime":12,"floorIndex":0,"installedAt":{"__type":"Date","iso":"2016-05-14T21:00:00.000Z"},"major":1,"minor":18,"model":{"__type":"Pointer","className":"BeaconModel","objectId":"5PCBT0xjSR"},"power":0,"rate":200,"x":599452.3506877818,"y":2358336.134072851,"objectId":"gijMKOLfHm","createdAt":"2016-05-15T12:44:21.832Z","updatedAt":"2016-05-15T12:44:21.832Z"},{"ACL":{"role:p6dMzjys22-Moderator":{"read":true,"write":true},"role:p6dMzjys22-Viewer":{"read":true}},"building":{"__type":"Pointer","className":"Building","objectId":"BUfb1YWDms"},"expectedLifeTime":12,"floorIndex":0,"installedAt":{"__type":"Date","iso":"2016-05-14T21:00:00.000Z"},"major":1,"minor":19,"model":{"__type":"Pointer","className":"BeaconModel","objectId":"5PCBT0xjSR"},"power":0,"rate":200,"x":599458.502262585,"y":2358330.5116657726,"objectId":"7Rel1A49z8","createdAt":"2016-05-15T12:44:42.510Z","updatedAt":"2016-05-15T12:44:42.510Z"},{"ACL":{"role:p6dMzjys22-Moderator":{"read":true,"write":true},"role:p6dMzjys22-Viewer":{"read":true}},"building":{"__type":"Pointer","className":"Building","objectId":"BUfb1YWDms"},"expectedLifeTime":12,"floorIndex":1,"installedAt":{"__type":"Date","iso":"2016-05-14T21:00:00.000Z"},"major":1,"minor":47,"model":{"__type":"Pointer","className":"BeaconModel","objectId":"5PCBT0xjSR"},"power":0,"rate":200,"x":599448.3157838789,"y":2358345.526799969,"objectId":"0bYy5qdD24","createdAt":"2016-05-15T13:33:21.768Z","updatedAt":"2016-05-15T13:33:21.768Z"},{"ACL":{"role:p6dMzjys22-Moderator":{"read":true,"write":true},"role:p6dMzjys22-Viewer":{"read":true}},"building":{"__type":"Pointer","className":"Building","objectId":"BUfb1YWDms"},"expectedLifeTime":12,"floorIndex":1,"installedAt":{"__type":"Date","iso":"2016-05-14T21:00:00.000Z"},"major":1,"minor":54,"model":{"__type":"Pointer","className":"BeaconModel","objectId":"5PCBT0xjSR"},"power":0,"rate":200,"x":599449.7048491571,"y":2358342.3517936184,"objectId":"fKlajcGZhn","createdAt":"2016-05-15T13:37:46.528Z","updatedAt":"2016-05-15T13:37:46.528Z"},{"ACL":{"role:p6dMzjys22-Moderator":{"read":true,"write":true},"role:p6dMzjys22-Viewer":{"read":true}},"building":{"__type":"Pointer","className":"Building","objectId":"BUfb1YWDms"},"expectedLifeTime":12,"floorIndex":1,"installedAt":{"__type":"Date","iso":"2016-05-14T21:00:00.000Z"},"major":1,"minor":49,"model":{"__type":"Pointer","className":"BeaconModel","objectId":"5PCBT0xjSR"},"power":0,"rate":200,"x":599451.9538119884,"y":2358337.456992163,"objectId":"TdZGUJhXSU","createdAt":"2016-05-15T13:34:28.888Z","updatedAt":"2016-05-15T13:34:28.888Z"},{"ACL":{"role:p6dMzjys22-Moderator":{"read":true,"write":true},"role:p6dMzjys22-Viewer":{"read":true}},"building":{"__type":"Pointer","className":"Building","objectId":"BUfb1YWDms"},"expectedLifeTime":12,"floorIndex":1,"installedAt":{"__type":"Date","iso":"2016-05-14T21:00:00.000Z"},"major":1,"minor":48,"model":{"__type":"Pointer","className":"BeaconModel","objectId":"5PCBT0xjSR"},"power":0,"rate":200,"x":599454.2027748196,"y":2358341.4257501005,"objectId":"gbO8BlODD6","createdAt":"2016-05-15T13:33:52.174Z","updatedAt":"2016-05-15T13:33:52.174Z"},{"ACL":{"role:p6dMzjys22-Moderator":{"read":true,"write":true},"role:p6dMzjys22-Viewer":{"read":true}},"building":{"__type":"Pointer","className":"Building","objectId":"BUfb1YWDms"},"expectedLifeTime":12,"floorIndex":1,"installedAt":{"__type":"Date","iso":"2016-05-14T21:00:00.000Z"},"major":1,"minor":46,"model":{"__type":"Pointer","className":"BeaconModel","objectId":"5PCBT0xjSR"},"power":0,"rate":200,"x":599452.0861039195,"y":2358347.1143031437,"objectId":"JZ7eWyWwyA","createdAt":"2016-05-15T13:33:00.397Z","updatedAt":"2016-05-15T13:33:00.397Z"},{"ACL":{"role:p6dMzjys22-Moderator":{"read":true,"write":true},"role:p6dMzjys22-Viewer":{"read":true}},"building":{"__type":"Pointer","className":"Building","objectId":"BUfb1YWDms"},"expectedLifeTime":12,"floorIndex":1,"installedAt":{"__type":"Date","iso":"2016-05-14T21:00:00.000Z"},"major":1,"minor":53,"model":{"__type":"Pointer","className":"BeaconModel","objectId":"5PCBT0xjSR"},"power":0,"rate":200,"x":599456.7163215134,"y":2358349.0986821125,"objectId":"A0P7LcgVTq","createdAt":"2016-05-15T13:37:12.242Z","updatedAt":"2016-05-15T13:37:12.242Z"},{"ACL":{"role:p6dMzjys22-Moderator":{"read":true,"write":true},"role:p6dMzjys22-Viewer":{"read":true}},"building":{"__type":"Pointer","className":"Building","objectId":"BUfb1YWDms"},"expectedLifeTime":12,"floorIndex":1,"installedAt":{"__type":"Date","iso":"2016-05-14T21:00:00.000Z"},"major":1,"minor":45,"model":{"__type":"Pointer","className":"BeaconModel","objectId":"5PCBT0xjSR"},"power":0,"rate":200,"x":599459.0975762758,"y":2358343.6747129313,"objectId":"C7USzuuNm6","createdAt":"2016-05-15T13:32:24.516Z","updatedAt":"2016-05-15T13:32:24.516Z"},{"ACL":{"role:p6dMzjys22-Moderator":{"read":true,"write":true},"role:p6dMzjys22-Viewer":{"read":true}},"building":{"__type":"Pointer","className":"Building","objectId":"BUfb1YWDms"},"expectedLifeTime":12,"floorIndex":1,"installedAt":{"__type":"Date","iso":"2016-05-14T21:00:00.000Z"},"major":1,"minor":44,"model":{"__type":"Pointer","className":"BeaconModel","objectId":"5PCBT0xjSR"},"power":0,"rate":200,"x":599461.9418527978,"y":2358351.149207047,"objectId":"NI7159TOyb","createdAt":"2016-05-15T13:31:31.642Z","updatedAt":"2016-05-15T13:31:31.642Z"},{"ACL":{"role:p6dMzjys22-Moderator":{"read":true,"write":true},"role:p6dMzjys22-Viewer":{"read":true}},"building":{"__type":"Pointer","className":"Building","objectId":"BUfb1YWDms"},"expectedLifeTime":12,"floorIndex":1,"installedAt":{"__type":"Date","iso":"2016-05-14T21:00:00.000Z"},"major":1,"minor":43,"model":{"__type":"Pointer","className":"BeaconModel","objectId":"5PCBT0xjSR"},"power":0,"rate":200,"x":599463.9923777321,"y":2358346.2544055907,"objectId":"IiXpajAep2","createdAt":"2016-05-15T13:31:15.930Z","updatedAt":"2016-05-15T13:31:15.930Z"},{"ACL":{"role:p6dMzjys22-Moderator":{"read":true,"write":true},"role:p6dMzjys22-Viewer":{"read":true}},"building":{"__type":"Pointer","className":"Building","objectId":"BUfb1YWDms"},"expectedLifeTime":12,"floorIndex":1,"installedAt":{"__type":"Date","iso":"2016-05-14T21:00:00.000Z"},"major":1,"minor":58,"model":{"__type":"Pointer","className":"BeaconModel","objectId":"5PCBT0xjSR"},"power":0,"rate":200,"x":599459.3621601383,"y":2358357.6976576443,"objectId":"s1V6Pbl5po","createdAt":"2016-05-15T13:41:30.647Z","updatedAt":"2016-05-15T13:41:30.647Z"},{"ACL":{"role:p6dMzjys22-Moderator":{"read":true,"write":true},"role:p6dMzjys22-Viewer":{"read":true}},"building":{"__type":"Pointer","className":"Building","objectId":"BUfb1YWDms"},"expectedLifeTime":12,"floorIndex":1,"installedAt":{"__type":"Date","iso":"2016-05-14T21:00:00.000Z"},"major":1,"minor":57,"model":{"__type":"Pointer","className":"BeaconModel","objectId":"5PCBT0xjSR"},"power":0,"rate":200,"x":599462.8678963165,"y":2358359.4174527507,"objectId":"jzVDtTYiA7","createdAt":"2016-05-15T13:41:11.259Z","updatedAt":"2016-05-15T13:41:11.259Z"},{"ACL":{"role:p6dMzjys22-Moderator":{"read":true,"write":true},"role:p6dMzjys22-Viewer":{"read":true}},"building":{"__type":"Pointer","className":"Building","objectId":"BUfb1YWDms"},"expectedLifeTime":12,"floorIndex":1,"installedAt":{"__type":"Date","iso":"2016-05-14T21:00:00.000Z"},"major":1,"minor":42,"model":{"__type":"Pointer","className":"BeaconModel","objectId":"5PCBT0xjSR"},"power":0,"rate":200,"x":599469.2179090165,"y":2358349.8924337,"objectId":"S6oTpVN9rU","createdAt":"2016-05-15T13:30:45.717Z","updatedAt":"2016-05-15T13:30:45.717Z"},{"ACL":{"role:p6dMzjys22-Moderator":{"read":true,"write":true},"role:p6dMzjys22-Viewer":{"read":true}},"building":{"__type":"Pointer","className":"Building","objectId":"BUfb1YWDms"},"expectedLifeTime":12,"floorIndex":1,"installedAt":{"__type":"Date","iso":"2016-05-14T21:00:00.000Z"},"major":1,"minor":41,"model":{"__type":"Pointer","className":"BeaconModel","objectId":"5PCBT0xjSR"},"power":0,"rate":200,"x":599470.2762444665,"y":2358354.1257755,"objectId":"Ertv6SPkeD","createdAt":"2016-05-15T13:30:11.517Z","updatedAt":"2016-05-15T13:30:11.517Z"},{"ACL":{"role:p6dMzjys22-Moderator":{"read":true,"write":true},"role:p6dMzjys22-Viewer":{"read":true}},"building":{"__type":"Pointer","className":"Building","objectId":"BUfb1YWDms"},"expectedLifeTime":12,"floorIndex":1,"installedAt":{"__type":"Date","iso":"2016-05-14T21:00:00.000Z"},"major":1,"minor":40,"model":{"__type":"Pointer","className":"BeaconModel","objectId":"5PCBT0xjSR"},"power":0,"rate":200,"x":599477.5523006853,"y":2358354.522651294,"objectId":"ZickP5gdKj","createdAt":"2016-05-15T13:29:34.922Z","updatedAt":"2016-05-15T13:29:34.922Z"},{"ACL":{"role:p6dMzjys22-Moderator":{"read":true,"write":true},"role:p6dMzjys22-Viewer":{"read":true}},"building":{"__type":"Pointer","className":"Building","objectId":"BUfb1YWDms"},"expectedLifeTime":12,"floorIndex":1,"installedAt":{"__type":"Date","iso":"2016-05-14T21:00:00.000Z"},"major":1,"minor":39,"model":{"__type":"Pointer","className":"BeaconModel","objectId":"5PCBT0xjSR"},"power":0,"rate":200,"x":599479.4043877227,"y":2358363.4523566533,"objectId":"KvhR1AKpzi","createdAt":"2016-05-15T13:28:43.980Z","updatedAt":"2016-05-15T13:28:43.980Z"},{"ACL":{"role:p6dMzjys22-Moderator":{"read":true,"write":true},"role:p6dMzjys22-Viewer":{"read":true}},"building":{"__type":"Pointer","className":"Building","objectId":"BUfb1YWDms"},"expectedLifeTime":12,"floorIndex":1,"installedAt":{"__type":"Date","iso":"2016-05-14T21:00:00.000Z"},"major":1,"minor":56,"model":{"__type":"Pointer","className":"BeaconModel","objectId":"5PCBT0xjSR"},"power":0,"rate":200,"x":599479.6028256196,"y":2358360.2112043374,"objectId":"Xv02GeAwsd","createdAt":"2016-05-15T13:39:55.738Z","updatedAt":"2016-05-15T13:39:55.738Z"},{"ACL":{"role:p6dMzjys22-Moderator":{"read":true,"write":true},"role:p6dMzjys22-Viewer":{"read":true}},"building":{"__type":"Pointer","className":"Building","objectId":"BUfb1YWDms"},"expectedLifeTime":12,"floorIndex":1,"installedAt":{"__type":"Date","iso":"2016-05-14T21:00:00.000Z"},"major":1,"minor":38,"model":{"__type":"Pointer","className":"BeaconModel","objectId":"5PCBT0xjSR"},"power":0,"rate":200,"x":599482.1825182791,"y":2358356.044008503,"objectId":"SGMbu96fMZ","createdAt":"2016-05-15T13:28:13.587Z","updatedAt":"2016-05-15T13:28:13.587Z"},{"ACL":{"role:p6dMzjys22-Moderator":{"read":true,"write":true},"role:p6dMzjys22-Viewer":{"read":true}},"building":{"__type":"Pointer","className":"Building","objectId":"BUfb1YWDms"},"expectedLifeTime":12,"floorIndex":1,"installedAt":{"__type":"Date","iso":"2016-05-14T21:00:00.000Z"},"major":1,"minor":37,"model":{"__type":"Pointer","className":"BeaconModel","objectId":"5PCBT0xjSR"},"power":0,"rate":200,"x":599485.0929407666,"y":2358362.790896997,"objectId":"PChDCoRdrC","createdAt":"2016-05-15T13:26:53.633Z","updatedAt":"2016-05-15T13:26:53.633Z"},{"ACL":{"role:p6dMzjys22-Moderator":{"read":true,"write":true},"role:p6dMzjys22-Viewer":{"read":true}},"building":{"__type":"Pointer","className":"Building","objectId":"BUfb1YWDms"},"expectedLifeTime":12,"floorIndex":1,"installedAt":{"__type":"Date","iso":"2016-05-14T21:00:00.000Z"},"major":1,"minor":52,"model":{"__type":"Pointer","className":"BeaconModel","objectId":"5PCBT0xjSR"},"power":0,"rate":200,"x":599488.7971148416,"y":2358358.822139059,"objectId":"1QREGhM79w","createdAt":"2016-05-15T13:36:38.890Z","updatedAt":"2016-05-15T13:36:38.890Z"},{"ACL":{"role:p6dMzjys22-Moderator":{"read":true,"write":true},"role:p6dMzjys22-Viewer":{"read":true}},"building":{"__type":"Pointer","className":"Building","objectId":"BUfb1YWDms"},"expectedLifeTime":12,"floorIndex":1,"installedAt":{"__type":"Date","iso":"2016-05-14T21:00:00.000Z"},"major":1,"minor":36,"model":{"__type":"Pointer","className":"BeaconModel","objectId":"5PCBT0xjSR"},"power":0,"rate":200,"x":599492.5012889166,"y":2358359.1528688874,"objectId":"IJVAmPG6OU","createdAt":"2016-05-15T13:26:29.646Z","updatedAt":"2016-05-15T13:26:29.646Z"},{"ACL":{"role:p6dMzjys22-Moderator":{"read":true,"write":true},"role:p6dMzjys22-Viewer":{"read":true}},"building":{"__type":"Pointer","className":"Building","objectId":"BUfb1YWDms"},"expectedLifeTime":12,"floorIndex":1,"installedAt":{"__type":"Date","iso":"2016-05-14T21:00:00.000Z"},"major":1,"minor":35,"model":{"__type":"Pointer","className":"BeaconModel","objectId":"5PCBT0xjSR"},"power":0,"rate":200,"x":599493.0304566416,"y":2358363.2539187567,"objectId":"dddWCj8Yi8","createdAt":"2016-05-15T13:25:49.804Z","updatedAt":"2016-05-15T13:25:49.804Z"},{"ACL":{"role:p6dMzjys22-Moderator":{"read":true,"write":true},"role:p6dMzjys22-Viewer":{"read":true}},"building":{"__type":"Pointer","className":"Building","objectId":"BUfb1YWDms"},"expectedLifeTime":12,"floorIndex":1,"installedAt":{"__type":"Date","iso":"2016-05-14T21:00:00.000Z"},"major":1,"minor":50,"model":{"__type":"Pointer","className":"BeaconModel","objectId":"5PCBT0xjSR"},"power":0,"rate":200,"x":599493.7580622635,"y":2358356.2424463998,"objectId":"McWx8WB6qW","createdAt":"2016-05-15T13:35:15.716Z","updatedAt":"2016-05-15T13:35:15.716Z"},{"ACL":{"role:p6dMzjys22-Moderator":{"read":true,"write":true},"role:p6dMzjys22-Viewer":{"read":true}},"building":{"__type":"Pointer","className":"Building","objectId":"BUfb1YWDms"},"expectedLifeTime":12,"floorIndex":1,"installedAt":{"__type":"Date","iso":"2016-05-14T21:00:00.000Z"},"major":1,"minor":51,"model":{"__type":"Pointer","className":"BeaconModel","objectId":"5PCBT0xjSR"},"power":0,"rate":200,"x":599498.3221338916,"y":2358354.3903593626,"objectId":"DIstDAB9Xn","createdAt":"2016-05-15T13:35:40.539Z","updatedAt":"2016-05-15T13:35:40.539Z"},{"ACL":{"role:p6dMzjys22-Moderator":{"read":true,"write":true},"role:p6dMzjys22-Viewer":{"read":true}},"building":{"__type":"Pointer","className":"Building","objectId":"BUfb1YWDms"},"expectedLifeTime":12,"floorIndex":1,"installedAt":{"__type":"Date","iso":"2016-05-14T21:00:00.000Z"},"major":1,"minor":34,"model":{"__type":"Pointer","className":"BeaconModel","objectId":"5PCBT0xjSR"},"power":0,"rate":200,"x":599499.6450532041,"y":2358364.6429840345,"objectId":"P4yXvZWFPV","createdAt":"2016-05-15T13:25:26.353Z","updatedAt":"2016-05-15T13:25:26.353Z"},{"ACL":{"role:p6dMzjys22-Moderator":{"read":true,"write":true},"role:p6dMzjys22-Viewer":{"read":true}},"building":{"__type":"Pointer","className":"Building","objectId":"BUfb1YWDms"},"expectedLifeTime":12,"floorIndex":1,"installedAt":{"__type":"Date","iso":"2016-05-14T21:00:00.000Z"},"major":1,"minor":32,"model":{"__type":"Pointer","className":"BeaconModel","objectId":"5PCBT0xjSR"},"power":0,"rate":200,"x":599503.3492272791,"y":2358363.716940516,"objectId":"SIeErjQN1L","createdAt":"2016-05-15T13:21:02.418Z","updatedAt":"2016-05-15T13:21:02.418Z"},{"ACL":{"role:p6dMzjys22-Moderator":{"read":true,"write":true},"role:p6dMzjys22-Viewer":{"read":true}},"building":{"__type":"Pointer","className":"Building","objectId":"BUfb1YWDms"},"expectedLifeTime":12,"floorIndex":1,"installedAt":{"__type":"Date","iso":"2016-05-14T21:00:00.000Z"},"major":1,"minor":33,"model":{"__type":"Pointer","className":"BeaconModel","objectId":"5PCBT0xjSR"},"power":0,"rate":200,"x":599503.9445409698,"y":2358368.2148661786,"objectId":"nb0xpGZ6nV","createdAt":"2016-05-15T13:21:27.909Z","updatedAt":"2016-05-15T13:21:27.909Z"},{"ACL":{"role:p6dMzjys22-Moderator":{"read":true,"write":true},"role:p6dMzjys22-Viewer":{"read":true}},"building":{"__type":"Pointer","className":"Building","objectId":"BUfb1YWDms"},"expectedLifeTime":12,"floorIndex":1,"installedAt":{"__type":"Date","iso":"2016-05-14T21:00:00.000Z"},"major":1,"minor":55,"model":{"__type":"Pointer","className":"BeaconModel","objectId":"5PCBT0xjSR"},"power":0,"rate":200,"x":599506.3257957323,"y":2358364.246108241,"objectId":"bldcnpckkJ","createdAt":"2016-05-15T13:38:48.615Z","updatedAt":"2016-05-15T13:38:48.615Z"},{"ACL":{"role:p6dMzjys22-Moderator":{"read":true,"write":true},"role:p6dMzjys22-Viewer":{"read":true}},"building":{"__type":"Pointer","className":"Building","objectId":"BUfb1YWDms"},"expectedLifeTime":12,"floorIndex":1,"installedAt":{"__type":"Date","iso":"2016-05-14T21:00:00.000Z"},"major":1,"minor":31,"model":{"__type":"Pointer","className":"BeaconModel","objectId":"5PCBT0xjSR"},"power":0,"rate":200,"x":599508.6409045291,"y":2358358.6237011626,"objectId":"rwUCxTbgIZ","createdAt":"2016-05-15T13:20:21.380Z","updatedAt":"2016-05-15T13:20:21.380Z"},{"floorIndex":1,"building":{"__type":"Pointer","className":"Building","objectId":"BUfb1YWDms"},"power":0,"rate":200,"model":{"__type":"Pointer","className":"BeaconModel","objectId":"5PCBT0xjSR"},"installedAt":{"__type":"Date","iso":"2016-05-14T21:00:00.000Z"},"expectedLifeTime":12,"major":1,"minor":80,"x":599505.4655529959,"y":2358382.9455735306,"ACL":{"role:p6dMzjys22-Moderator":{"read":true,"write":true},"role:p6dMzjys22-Viewer":{"read":true}},"objectId":"X1ulMzCLyL","createdAt":"2016-06-09T11:48:25.847Z","updatedAt":"2016-06-09T11:48:25.847Z"},{"floorIndex":1,"building":{"__type":"Pointer","className":"Building","objectId":"BUfb1YWDms"},"power":0,"rate":200,"model":{"__type":"Pointer","className":"BeaconModel","objectId":"5PCBT0xjSR"},"installedAt":{"__type":"Date","iso":"2016-05-14T21:00:00.000Z"},"expectedLifeTime":12,"major":1,"minor":79,"x":599496.7342855334,"y":2358379.373691387,"ACL":{"role:p6dMzjys22-Moderator":{"read":true,"write":true},"role:p6dMzjys22-Viewer":{"read":true}},"objectId":"4Dd3oMqev4","createdAt":"2016-06-09T11:49:07.220Z","updatedAt":"2016-06-09T11:49:07.220Z"},{"floorIndex":1,"building":{"__type":"Pointer","className":"Building","objectId":"BUfb1YWDms"},"power":0,"rate":200,"model":{"__type":"Pointer","className":"BeaconModel","objectId":"5PCBT0xjSR"},"installedAt":{"__type":"Date","iso":"2016-05-14T21:00:00.000Z"},"expectedLifeTime":12,"major":1,"minor":78,"x":599495.5436581521,"y":2358378.7122317306,"ACL":{"role:p6dMzjys22-Moderator":{"read":true,"write":true},"role:p6dMzjys22-Viewer":{"read":true}},"objectId":"FxJxN9qymz","createdAt":"2016-06-09T11:49:32.672Z","updatedAt":"2016-06-09T11:49:32.672Z"},{"floorIndex":1,"building":{"__type":"Pointer","className":"Building","objectId":"BUfb1YWDms"},"power":0,"rate":200,"model":{"__type":"Pointer","className":"BeaconModel","objectId":"5PCBT0xjSR"},"installedAt":{"__type":"Date","iso":"2016-05-14T21:00:00.000Z"},"expectedLifeTime":12,"major":1,"minor":77,"x":599486.4155148958,"y":2358375.4049334493,"ACL":{"role:p6dMzjys22-Moderator":{"read":true,"write":true},"role:p6dMzjys22-Viewer":{"read":true}},"objectId":"5LyAZPFkrq","createdAt":"2016-06-09T11:49:57.043Z","updatedAt":"2016-06-09T11:49:57.043Z"},{"floorIndex":1,"building":{"__type":"Pointer","className":"Building","objectId":"BUfb1YWDms"},"power":0,"rate":200,"model":{"__type":"Pointer","className":"BeaconModel","objectId":"5PCBT0xjSR"},"installedAt":{"__type":"Date","iso":"2016-05-14T21:00:00.000Z"},"expectedLifeTime":12,"major":1,"minor":76,"x":599485.6217633083,"y":2358374.8757657246,"ACL":{"role:p6dMzjys22-Moderator":{"read":true,"write":true},"role:p6dMzjys22-Viewer":{"read":true}},"objectId":"xavK0HmgNC","createdAt":"2016-06-09T11:50:22.757Z","updatedAt":"2016-06-09T11:50:22.757Z"},{"floorIndex":1,"building":{"__type":"Pointer","className":"Building","objectId":"BUfb1YWDms"},"power":0,"rate":200,"model":{"__type":"Pointer","className":"BeaconModel","objectId":"5PCBT0xjSR"},"installedAt":{"__type":"Date","iso":"2016-05-14T21:00:00.000Z"},"expectedLifeTime":12,"major":1,"minor":75,"x":599476.3613281208,"y":2358371.5684674433,"ACL":{"role:p6dMzjys22-Moderator":{"read":true,"write":true},"role:p6dMzjys22-Viewer":{"read":true}},"objectId":"TtdcbhPaCH","createdAt":"2016-06-09T11:51:07.112Z","updatedAt":"2016-06-09T11:51:07.112Z"},{"floorIndex":1,"building":{"__type":"Pointer","className":"Building","objectId":"BUfb1YWDms"},"power":0,"rate":200,"model":{"__type":"Pointer","className":"BeaconModel","objectId":"5PCBT0xjSR"},"installedAt":{"__type":"Date","iso":"2016-05-14T21:00:00.000Z"},"expectedLifeTime":12,"major":1,"minor":90,"x":599456.5175384333,"y":2358363.8955354304,"ACL":{"role:p6dMzjys22-Moderator":{"read":true,"write":true},"role:p6dMzjys22-Viewer":{"read":true}},"objectId":"DX1rD6ZQ34","createdAt":"2016-06-09T11:52:07.110Z","updatedAt":"2016-06-09T11:52:07.110Z"},{"floorIndex":1,"building":{"__type":"Pointer","className":"Building","objectId":"BUfb1YWDms"},"power":0,"rate":200,"model":{"__type":"Pointer","className":"BeaconModel","objectId":"5PCBT0xjSR"},"installedAt":{"__type":"Date","iso":"2016-05-14T21:00:00.000Z"},"expectedLifeTime":12,"major":1,"minor":91,"x":599448.0508548333,"y":2358359.6621936304,"ACL":{"role:p6dMzjys22-Moderator":{"read":true,"write":true},"role:p6dMzjys22-Viewer":{"read":true}},"objectId":"c3q1bfAUiv","createdAt":"2016-06-09T11:52:31.121Z","updatedAt":"2016-06-09T11:53:12.363Z"},{"floorIndex":1,"building":{"__type":"Pointer","className":"Building","objectId":"BUfb1YWDms"},"power":0,"rate":200,"model":{"__type":"Pointer","className":"BeaconModel","objectId":"5PCBT0xjSR"},"installedAt":{"__type":"Date","iso":"2016-05-14T21:00:00.000Z"},"expectedLifeTime":12,"major":1,"minor":93,"x":599446.5956435895,"y":2358359.133025905,"ACL":{"role:p6dMzjys22-Moderator":{"read":true,"write":true},"role:p6dMzjys22-Viewer":{"read":true}},"objectId":"rGzBlhesfY","createdAt":"2016-06-09T11:53:30.618Z","updatedAt":"2016-06-09T11:53:30.618Z"},{"floorIndex":1,"building":{"__type":"Pointer","className":"Building","objectId":"BUfb1YWDms"},"power":0,"rate":200,"model":{"__type":"Pointer","className":"BeaconModel","objectId":"5PCBT0xjSR"},"installedAt":{"__type":"Date","iso":"2016-05-14T21:00:00.000Z"},"expectedLifeTime":12,"major":1,"minor":92,"x":599437.4675003332,"y":2358355.5611437615,"ACL":{"role:p6dMzjys22-Moderator":{"read":true,"write":true},"role:p6dMzjys22-Viewer":{"read":true}},"objectId":"b8IDeYhgmL","createdAt":"2016-06-09T11:53:48.051Z","updatedAt":"2016-06-09T11:53:48.051Z"},{"floorIndex":1,"building":{"__type":"Pointer","className":"Building","objectId":"BUfb1YWDms"},"power":0,"rate":200,"model":{"__type":"Pointer","className":"BeaconModel","objectId":"5PCBT0xjSR"},"installedAt":{"__type":"Date","iso":"2016-05-14T21:00:00.000Z"},"expectedLifeTime":12,"major":1,"minor":94,"x":599457.3112900208,"y":2358330.161092961,"ACL":{"role:p6dMzjys22-Moderator":{"read":true,"write":true},"role:p6dMzjys22-Viewer":{"read":true}},"objectId":"rRtha13Kxt","createdAt":"2016-06-09T11:54:27.422Z","updatedAt":"2016-06-09T11:54:27.422Z"},{"floorIndex":1,"building":{"__type":"Pointer","className":"Building","objectId":"BUfb1YWDms"},"power":0,"rate":200,"model":{"__type":"Pointer","className":"BeaconModel","objectId":"5PCBT0xjSR"},"installedAt":{"__type":"Date","iso":"2016-05-14T21:00:00.000Z"},"expectedLifeTime":12,"major":1,"minor":95,"x":599457.7081658145,"y":2358333.732975105,"ACL":{"role:p6dMzjys22-Moderator":{"read":true,"write":true},"role:p6dMzjys22-Viewer":{"read":true}},"objectId":"wyXatcQjcG","createdAt":"2016-06-09T11:54:48.610Z","updatedAt":"2016-06-09T11:54:48.610Z"},{"floorIndex":1,"building":{"__type":"Pointer","className":"Building","objectId":"BUfb1YWDms"},"power":0,"rate":200,"model":{"__type":"Pointer","className":"BeaconModel","objectId":"5PCBT0xjSR"},"installedAt":{"__type":"Date","iso":"2016-05-14T21:00:00.000Z"},"expectedLifeTime":12,"major":1,"minor":96,"x":599467.1008929333,"y":2358337.1725653172,"ACL":{"role:p6dMzjys22-Moderator":{"read":true,"write":true},"role:p6dMzjys22-Viewer":{"read":true}},"objectId":"WYif1DoORn","createdAt":"2016-06-09T11:55:12.676Z","updatedAt":"2016-06-09T11:55:47.319Z"},{"floorIndex":1,"building":{"__type":"Pointer","className":"Building","objectId":"BUfb1YWDms"},"power":0,"rate":200,"model":{"__type":"Pointer","className":"BeaconModel","objectId":"5PCBT0xjSR"},"installedAt":{"__type":"Date","iso":"2016-05-14T21:00:00.000Z"},"expectedLifeTime":12,"major":1,"minor":97,"x":599468.9529799708,"y":2358337.569441111,"ACL":{"role:p6dMzjys22-Moderator":{"read":true,"write":true},"role:p6dMzjys22-Viewer":{"read":true}},"objectId":"n3YoGAJH8o","createdAt":"2016-06-09T11:56:07.846Z","updatedAt":"2016-06-09T11:56:07.846Z"},{"floorIndex":1,"building":{"__type":"Pointer","className":"Building","objectId":"BUfb1YWDms"},"power":0,"rate":200,"model":{"__type":"Pointer","className":"BeaconModel","objectId":"5PCBT0xjSR"},"installedAt":{"__type":"Date","iso":"2016-05-14T21:00:00.000Z"},"expectedLifeTime":12,"major":1,"minor":99,"x":599477.6842474334,"y":2358341.5381990485,"ACL":{"role:p6dMzjys22-Moderator":{"read":true,"write":true},"role:p6dMzjys22-Viewer":{"read":true}},"objectId":"gfdC0cRhDA","createdAt":"2016-06-09T12:00:30.298Z","updatedAt":"2016-06-09T12:00:30.298Z"},{"floorIndex":1,"building":{"__type":"Pointer","className":"Building","objectId":"BUfb1YWDms"},"power":0,"rate":200,"model":{"__type":"Pointer","className":"BeaconModel","objectId":"5PCBT0xjSR"},"installedAt":{"__type":"Date","iso":"2016-05-14T21:00:00.000Z"},"expectedLifeTime":12,"major":1,"minor":98,"x":599476.0967442584,"y":2358342.0673667737,"ACL":{"role:p6dMzjys22-Moderator":{"read":true,"write":true},"role:p6dMzjys22-Viewer":{"read":true}},"objectId":"Dz7fhkrLLi","createdAt":"2016-06-09T11:59:31.488Z","updatedAt":"2016-06-09T12:00:07.081Z"},{"floorIndex":1,"building":{"__type":"Pointer","className":"Building","objectId":"BUfb1YWDms"},"power":0,"rate":200,"model":{"__type":"Pointer","className":"BeaconModel","objectId":"5PCBT0xjSR"},"installedAt":{"__type":"Date","iso":"2016-05-14T21:00:00.000Z"},"expectedLifeTime":12,"major":1,"minor":100,"x":599486.0186391022,"y":2358346.565292436,"ACL":{"role:p6dMzjys22-Moderator":{"read":true,"write":true},"role:p6dMzjys22-Viewer":{"read":true}},"objectId":"pa71j1ZH80","createdAt":"2016-06-09T12:00:54.216Z","updatedAt":"2016-06-09T12:01:23.871Z"},{"floorIndex":1,"building":{"__type":"Pointer","className":"Building","objectId":"BUfb1YWDms"},"power":0,"rate":200,"model":{"__type":"Pointer","className":"BeaconModel","objectId":"5PCBT0xjSR"},"installedAt":{"__type":"Date","iso":"2016-05-14T21:00:00.000Z"},"expectedLifeTime":12,"major":1,"minor":101,"x":599487.6061422772,"y":2358344.8454973297,"ACL":{"role:p6dMzjys22-Moderator":{"read":true,"write":true},"role:p6dMzjys22-Viewer":{"read":true}},"objectId":"3LtUGAiO4a","createdAt":"2016-06-09T12:01:57.038Z","updatedAt":"2016-06-09T12:01:57.038Z"},{"floorIndex":1,"building":{"__type":"Pointer","className":"Building","objectId":"BUfb1YWDms"},"power":0,"rate":200,"model":{"__type":"Pointer","className":"BeaconModel","objectId":"5PCBT0xjSR"},"installedAt":{"__type":"Date","iso":"2016-05-14T21:00:00.000Z"},"expectedLifeTime":12,"major":1,"minor":102,"x":599495.8082420147,"y":2358349.475714924,"ACL":{"role:p6dMzjys22-Moderator":{"read":true,"write":true},"role:p6dMzjys22-Viewer":{"read":true}},"objectId":"yDQZRsIEvM","createdAt":"2016-06-09T12:02:54.973Z","updatedAt":"2016-06-09T12:02:54.973Z"},{"floorIndex":1,"building":{"__type":"Pointer","className":"Building","objectId":"BUfb1YWDms"},"power":0,"rate":200,"model":{"__type":"Pointer","className":"BeaconModel","objectId":"5PCBT0xjSR"},"installedAt":{"__type":"Date","iso":"2016-05-14T21:00:00.000Z"},"expectedLifeTime":12,"major":1,"minor":103,"x":599499.7769999523,"y":2358347.8882117486,"ACL":{"role:p6dMzjys22-Moderator":{"read":true,"write":true},"role:p6dMzjys22-Viewer":{"read":true}},"objectId":"zJvO9WvxpG","createdAt":"2016-06-09T12:03:27.413Z","updatedAt":"2016-06-09T12:03:27.413Z"},{"floorIndex":1,"building":{"__type":"Pointer","className":"Building","objectId":"BUfb1YWDms"},"power":0,"rate":200,"model":{"__type":"Pointer","className":"BeaconModel","objectId":"5PCBT0xjSR"},"installedAt":{"__type":"Date","iso":"2016-05-14T21:00:00.000Z"},"expectedLifeTime":12,"major":1,"minor":104,"x":599507.7145158272,"y":2358350.4017584426,"ACL":{"role:p6dMzjys22-Moderator":{"read":true,"write":true},"role:p6dMzjys22-Viewer":{"read":true}},"objectId":"WbhBetCwj3","createdAt":"2016-06-09T12:03:47.836Z","updatedAt":"2016-06-09T12:03:47.836Z"}]