[
  {
    "identifier": "com.navibees.monitoring.region1",
    "type": "all",
    "message": "Region # 1",
    "messageAr": "منطقة رقم ١",
    "UUID": "D3ACCFE2-E95D-433C-BCF4-643BECC5D217",
    "major": 1,
    "minor": 1,
    "interval": 5
  },
  {
    "identifier": "com.navibees.monitoring.region2",
    "type": "all",
    "message": "Region # 2",
    "messageAr": "منطقة رقم ١",
    "UUID": "D3ACCFE2-E95D-433C-BCF4-643BECC5D217",
    "major": 1,
    "minor": 2,
    "interval": 5
  },
  {
    "identifier": "com.navibees.monitoring.region3",
    "type": "all",
    "message": "Region # 3",
    "messageAr": "منطقة رقم ١",
    "UUID": "D3ACCFE2-E95D-433C-BCF4-643BECC5D217",
    "major": 1,
    "minor": 3,
    "interval": 5
  },
  {
    "identifier": "com.navibees.monitoring.region4",
    "type": "all",
    "message": "Region # 4",
    "messageAr": "منطقة رقم ١",
    "UUID": "D3ACCFE2-E95D-433C-BCF4-643BECC5D217",
    "major": 1,
    "minor": 4,
    "interval": 5
  },
  {
    "identifier": "com.navibees.monitoring.region5",
    "type": "all",
    "message": "Region # 5",
    "messageAr": "منطقة رقم ١",
    "UUID": "D3ACCFE2-E95D-433C-BCF4-643BECC5D217",
    "major": 1,
    "minor": 5,
    "interval": 5
  },
  {
    "identifier": "com.navibees.monitoring.region6",
    "type": "all",
    "message": "Region # 6",
    "messageAr": "منطقة رقم ١",
    "UUID": "D3ACCFE2-E95D-433C-BCF4-643BECC5D217",
    "major": 1,
    "minor": 6,
    "interval": 5
  },
  {
    "identifier": "com.navibees.monitoring.region7",
    "type": "all",
    "message": "Region # 7",
    "messageAr": "منطقة رقم ١",
    "UUID": "D3ACCFE2-E95D-433C-BCF4-643BECC5D217",
    "major": 1,
    "minor": 7,
    "interval": 5
  },
  {
    "identifier": "com.navibees.monitoring.region8",
    "type": "all",
    "message": "Region # 8",
    "messageAr": "منطقة رقم ١",
    "UUID": "D3ACCFE2-E95D-433C-BCF4-643BECC5D217",
    "major": 1,
    "minor": 8,
    "interval": 5
  },
  {
    "identifier": "com.navibees.monitoring.region9",
    "type": "all",
    "message": "Region # 9",
    "messageAr": "منطقة رقم ١",
    "UUID": "D3ACCFE2-E95D-433C-BCF4-643BECC5D217",
    "major": 1,
    "minor": 9,
    "interval": 5
  },
  {
    "identifier": "com.navibees.monitoring.region10",
    "type": "all",
    "message": "Region # 10",
    "messageAr": "منطقة رقم ١",
    "UUID": "D3ACCFE2-E95D-433C-BCF4-643BECC5D217",
    "major": 1,
    "minor": 10,
    "interval": 5
  },
  {
    "identifier": "com.navibees.monitoring.region11",
    "type": "all",
    "message": "Region # 11",
    "messageAr": "منطقة رقم ١",
    "UUID": "D3ACCFE2-E95D-433C-BCF4-643BECC5D217",
    "major": 1,
    "minor": 11,
    "interval": 5
  },
  {
    "identifier": "com.navibees.monitoring.region12",
    "type": "all",
    "message": "Region # 12",
    "messageAr": "منطقة رقم ١",
    "UUID": "D3ACCFE2-E95D-433C-BCF4-643BECC5D217",
    "major": 1,
    "minor": 12,
    "interval": 5
  },
  {
    "identifier": "com.navibees.monitoring.region13",
    "type": "all",
    "message": "Region # 13",
    "messageAr": "منطقة رقم ١",
    "UUID": "D3ACCFE2-E95D-433C-BCF4-643BECC5D217",
    "major": 1,
    "minor": 13,
    "interval": 5
  },
  {
    "identifier": "com.navibees.monitoring.region14",
    "type": "all",
    "message": "Region # 14",
    "messageAr": "منطقة رقم ١",
    "UUID": "D3ACCFE2-E95D-433C-BCF4-643BECC5D217",
    "major": 1,
    "minor": 14,
    "interval": 5
  },
  {
    "identifier": "com.navibees.monitoring.region15",
    "type": "all",
    "message": "Region # 15",
    "messageAr": "منطقة رقم ١",
    "UUID": "D3ACCFE2-E95D-433C-BCF4-643BECC5D217",
    "major": 1,
    "minor": 15,
    "interval": 5
  },
  {
    "identifier": "com.navibees.monitoring.region16",
    "type": "all",
    "message": "Region # 16",
    "messageAr": "منطقة رقم ١",
    "UUID": "D3ACCFE2-E95D-433C-BCF4-643BECC5D217",
    "major": 1,
    "minor": 16,
    "interval": 5
  },
  {
    "identifier": "com.navibees.monitoring.region17",
    "type": "all",
    "message": "Region # 17",
    "messageAr": "منطقة رقم ١",
    "UUID": "D3ACCFE2-E95D-433C-BCF4-643BECC5D217",
    "major": 1,
    "minor": 17,
    "interval": 5
  },
  {
    "identifier": "com.navibees.monitoring.region18",
    "type": "all",
    "message": "Region # 18",
    "messageAr": "منطقة رقم ١",
    "UUID": "D3ACCFE2-E95D-433C-BCF4-643BECC5D217",
    "major": 1,
    "minor": 18,
    "interval": 5
  },
  {
    "identifier": "com.navibees.monitoring.region19",
    "type": "all",
    "message": "Region # 19",
    "messageAr": "منطقة رقم ١",
    "UUID": "D3ACCFE2-E95D-433C-BCF4-643BECC5D217",
    "major": 1,
    "minor": 19,
    "interval": 5
  },
  {
    "identifier": "com.navibees.monitoring.region20",
    "type": "all",
    "message": "Region # 20",
    "messageAr": "منطقة رقم ١",
    "UUID": "D3ACCFE2-E95D-433C-BCF4-643BECC5D217",
    "major": 1,
    "minor": 20,
    "interval": 5
  },
  {
    "identifier": "com.navibees.monitoring.region21",
    "type": "all",
    "message": "Region # 21",
    "messageAr": "منطقة رقم ١",
    "UUID": "D3ACCFE2-E95D-433C-BCF4-643BECC5D217",
    "major": 1,
    "minor": 21,
    "interval": 5
  },
  {
    "identifier": "com.navibees.monitoring.region22",
    "type": "all",
    "message": "Region # 22",
    "messageAr": "منطقة رقم ١",
    "UUID": "D3ACCFE2-E95D-433C-BCF4-643BECC5D217",
    "major": 1,
    "minor": 22,
    "interval": 5
  },
  {
    "identifier": "com.navibees.monitoring.region23",
    "type": "all",
    "message": "Region # 23",
    "messageAr": "منطقة رقم ١",
    "UUID": "D3ACCFE2-E95D-433C-BCF4-643BECC5D217",
    "major": 1,
    "minor": 23,
    "interval": 5
  },
  {
    "identifier": "com.navibees.monitoring.region24",
    "type": "all",
    "message": "Region # 24",
    "messageAr": "منطقة رقم ١",
    "UUID": "D3ACCFE2-E95D-433C-BCF4-643BECC5D217",
    "major": 1,
    "minor": 24,
    "interval": 5
  },
  {
    "identifier": "com.navibees.monitoring.region25",
    "type": "all",
    "message": "Region # 25",
    "messageAr": "منطقة رقم ١",
    "UUID": "D3ACCFE2-E95D-433C-BCF4-643BECC5D217",
    "major": 1,
    "minor": 25,
    "interval": 5
  },
  {
    "identifier": "com.navibees.monitoring.region26",
    "type": "all",
    "message": "Region # 26",
    "messageAr": "منطقة رقم ١",
    "UUID": "D3ACCFE2-E95D-433C-BCF4-643BECC5D217",
    "major": 1,
    "minor": 26,
    "interval": 5
  },
  {
    "identifier": "com.navibees.monitoring.region27",
    "type": "all",
    "message": "Region # 27",
    "messageAr": "منطقة رقم ١",
    "UUID": "D3ACCFE2-E95D-433C-BCF4-643BECC5D217",
    "major": 1,
    "minor": 27,
    "interval": 5
  },
  {
    "identifier": "com.navibees.monitoring.region28",
    "type": "all",
    "message": "Region # 28",
    "messageAr": "منطقة رقم ١",
    "UUID": "D3ACCFE2-E95D-433C-BCF4-643BECC5D217",
    "major": 1,
    "minor": 28,
    "interval": 5
  },
  {
    "identifier": "com.navibees.monitoring.region29",
    "type": "all",
    "message": "Region # 29",
    "messageAr": "منطقة رقم ١",
    "UUID": "D3ACCFE2-E95D-433C-BCF4-643BECC5D217",
    "major": 1,
    "minor": 29,
    "interval": 5
  },
  {
    "identifier": "com.navibees.monitoring.region30",
    "type": "all",
    "message": "Region # 30",
    "messageAr": "منطقة رقم ١",
    "UUID": "D3ACCFE2-E95D-433C-BCF4-643BECC5D217",
    "major": 1,
    "minor": 30,
    "interval": 5
  },
  {
    "identifier": "com.navibees.monitoring.region31",
    "type": "all",
    "message": "Region # 31",
    "messageAr": "منطقة رقم ١",
    "UUID": "D3ACCFE2-E95D-433C-BCF4-643BECC5D217",
    "major": 1,
    "minor": 31,
    "interval": 5
  },
  {
    "identifier": "com.navibees.monitoring.region32",
    "type": "all",
    "message": "Region # 32",
    "messageAr": "منطقة رقم ١",
    "UUID": "D3ACCFE2-E95D-433C-BCF4-643BECC5D217",
    "major": 1,
    "minor": 32,
    "interval": 5
  },
  {
    "identifier": "com.navibees.monitoring.region33",
    "type": "all",
    "message": "Region # 33",
    "messageAr": "منطقة رقم ١",
    "UUID": "D3ACCFE2-E95D-433C-BCF4-643BECC5D217",
    "major": 1,
    "minor": 33,
    "interval": 5
  },
  {
    "identifier": "com.navibees.monitoring.region34",
    "type": "all",
    "message": "Region # 34",
    "messageAr": "منطقة رقم ١",
    "UUID": "D3ACCFE2-E95D-433C-BCF4-643BECC5D217",
    "major": 1,
    "minor": 34,
    "interval": 5
  },
  {
    "identifier": "com.navibees.monitoring.region35",
    "type": "all",
    "message": "Region # 35",
    "messageAr": "منطقة رقم ١",
    "UUID": "D3ACCFE2-E95D-433C-BCF4-643BECC5D217",
    "major": 1,
    "minor": 35,
    "interval": 5
  },
  {
    "identifier": "com.navibees.monitoring.region36",
    "type": "all",
    "message": "Region # 36",
    "messageAr": "منطقة رقم ١",
    "UUID": "D3ACCFE2-E95D-433C-BCF4-643BECC5D217",
    "major": 1,
    "minor": 36,
    "interval": 5
  },
  {
    "identifier": "com.navibees.monitoring.region37",
    "type": "all",
    "message": "Region # 37",
    "messageAr": "منطقة رقم ١",
    "UUID": "D3ACCFE2-E95D-433C-BCF4-643BECC5D217",
    "major": 1,
    "minor": 37,
    "interval": 5
  },
  {
    "identifier": "com.navibees.monitoring.region38",
    "type": "all",
    "message": "Region # 38",
    "messageAr": "منطقة رقم ١",
    "UUID": "D3ACCFE2-E95D-433C-BCF4-643BECC5D217",
    "major": 1,
    "minor": 38,
    "interval": 5
  },
  {
    "identifier": "com.navibees.monitoring.region39",
    "type": "all",
    "message": "Region # 39",
    "messageAr": "منطقة رقم ١",
    "UUID": "D3ACCFE2-E95D-433C-BCF4-643BECC5D217",
    "major": 1,
    "minor": 39,
    "interval": 5
  },
  {
    "identifier": "com.navibees.monitoring.region40",
    "type": "all",
    "message": "Region # 40",
    "messageAr": "منطقة رقم ١",
    "UUID": "D3ACCFE2-E95D-433C-BCF4-643BECC5D217",
    "major": 1,
    "minor": 40,
    "interval": 5
  },
  {
    "identifier": "com.navibees.monitoring.region41",
    "type": "all",
    "message": "Region # 41",
    "messageAr": "منطقة رقم ١",
    "UUID": "D3ACCFE2-E95D-433C-BCF4-643BECC5D217",
    "major": 1,
    "minor": 41,
    "interval": 5
  },
  {
    "identifier": "com.navibees.monitoring.region42",
    "type": "all",
    "message": "Region # 42",
    "messageAr": "منطقة رقم ١",
    "UUID": "D3ACCFE2-E95D-433C-BCF4-643BECC5D217",
    "major": 1,
    "minor": 42,
    "interval": 5
  },
  {
    "identifier": "com.navibees.monitoring.region43",
    "type": "all",
    "message": "Region # 43",
    "messageAr": "منطقة رقم ١",
    "UUID": "D3ACCFE2-E95D-433C-BCF4-643BECC5D217",
    "major": 1,
    "minor": 43,
    "interval": 5
  },
  {
    "identifier": "com.navibees.monitoring.region44",
    "type": "all",
    "message": "Region # 44",
    "messageAr": "منطقة رقم ١",
    "UUID": "D3ACCFE2-E95D-433C-BCF4-643BECC5D217",
    "major": 1,
    "minor": 44,
    "interval": 5
  },
  {
    "identifier": "com.navibees.monitoring.region45",
    "type": "all",
    "message": "Region # 45",
    "messageAr": "منطقة رقم ١",
    "UUID": "D3ACCFE2-E95D-433C-BCF4-643BECC5D217",
    "major": 1,
    "minor": 45,
    "interval": 5
  },
  {
    "identifier": "com.navibees.monitoring.region46",
    "type": "all",
    "message": "Region # 46",
    "messageAr": "منطقة رقم ١",
    "UUID": "D3ACCFE2-E95D-433C-BCF4-643BECC5D217",
    "major": 1,
    "minor": 46,
    "interval": 5
  },
  {
    "identifier": "com.navibees.monitoring.region47",
    "type": "all",
    "message": "Region # 47",
    "messageAr": "منطقة رقم ١",
    "UUID": "D3ACCFE2-E95D-433C-BCF4-643BECC5D217",
    "major": 1,
    "minor": 47,
    "interval": 5
  },
  {
    "identifier": "com.navibees.monitoring.region48",
    "type": "all",
    "message": "Region # 48",
    "messageAr": "منطقة رقم ١",
    "UUID": "D3ACCFE2-E95D-433C-BCF4-643BECC5D217",
    "major": 1,
    "minor": 48,
    "interval": 5
  },
  {
    "identifier": "com.navibees.monitoring.region49",
    "type": "all",
    "message": "Region # 49",
    "messageAr": "منطقة رقم ١",
    "UUID": "D3ACCFE2-E95D-433C-BCF4-643BECC5D217",
    "major": 1,
    "minor": 49,
    "interval": 5
  },
  {
    "identifier": "com.navibees.monitoring.region50",
    "type": "all",
    "message": "Region # 50",
    "messageAr": "منطقة رقم ١",
    "UUID": "D3ACCFE2-E95D-433C-BCF4-643BECC5D217",
    "major": 1,
    "minor": 50,
    "interval": 5
  },
  {
    "identifier": "com.navibees.monitoring.region51",
    "type": "all",
    "message": "Region # 51",
    "messageAr": "منطقة رقم ١",
    "UUID": "D3ACCFE2-E95D-433C-BCF4-643BECC5D217",
    "major": 1,
    "minor": 51,
    "interval": 5
  },
  {
    "identifier": "com.navibees.monitoring.region52",
    "type": "all",
    "message": "Region # 52",
    "messageAr": "منطقة رقم ١",
    "UUID": "D3ACCFE2-E95D-433C-BCF4-643BECC5D217",
    "major": 1,
    "minor": 52,
    "interval": 5
  },
  {
    "identifier": "com.navibees.monitoring.region53",
    "type": "all",
    "message": "Region # 53",
    "messageAr": "منطقة رقم ١",
    "UUID": "D3ACCFE2-E95D-433C-BCF4-643BECC5D217",
    "major": 1,
    "minor": 53,
    "interval": 5
  },
  {
    "identifier": "com.navibees.monitoring.region54",
    "type": "all",
    "message": "Region # 54",
    "messageAr": "منطقة رقم ١",
    "UUID": "D3ACCFE2-E95D-433C-BCF4-643BECC5D217",
    "major": 1,
    "minor": 54,
    "interval": 5
  },
  {
    "identifier": "com.navibees.monitoring.region55",
    "type": "all",
    "message": "Region # 55",
    "messageAr": "منطقة رقم ١",
    "UUID": "D3ACCFE2-E95D-433C-BCF4-643BECC5D217",
    "major": 1,
    "minor": 55,
    "interval": 5
  },
  {
    "identifier": "com.navibees.monitoring.region56",
    "type": "all",
    "message": "Region # 56",
    "messageAr": "منطقة رقم ١",
    "UUID": "D3ACCFE2-E95D-433C-BCF4-643BECC5D217",
    "major": 1,
    "minor": 56,
    "interval": 5
  },
  {
    "identifier": "com.navibees.monitoring.region57",
    "type": "all",
    "message": "Region # 57",
    "messageAr": "منطقة رقم ١",
    "UUID": "D3ACCFE2-E95D-433C-BCF4-643BECC5D217",
    "major": 1,
    "minor": 57,
    "interval": 5
  },
  {
    "identifier": "com.navibees.monitoring.region58",
    "type": "all",
    "message": "Region # 58",
    "messageAr": "منطقة رقم ١",
    "UUID": "D3ACCFE2-E95D-433C-BCF4-643BECC5D217",
    "major": 1,
    "minor": 58,
    "interval": 5
  },
  {
    "identifier": "com.navibees.monitoring.region59",
    "type": "all",
    "message": "Region # 59",
    "messageAr": "منطقة رقم ١",
    "UUID": "D3ACCFE2-E95D-433C-BCF4-643BECC5D217",
    "major": 1,
    "minor": 59,
    "interval": 5
  },
  {
    "identifier": "com.navibees.monitoring.region60",
    "type": "all",
    "message": "Region # 60",
    "messageAr": "منطقة رقم ١",
    "UUID": "D3ACCFE2-E95D-433C-BCF4-643BECC5D217",
    "major": 1,
    "minor": 60,
    "interval": 5
  },
  {
    "identifier": "com.navibees.monitoring.region61",
    "type": "all",
    "message": "Region # 61",
    "messageAr": "منطقة رقم ١",
    "UUID": "D3ACCFE2-E95D-433C-BCF4-643BECC5D217",
    "major": 1,
    "minor": 61,
    "interval": 5
  },
  {
    "identifier": "com.navibees.monitoring.region62",
    "type": "all",
    "message": "Region # 62",
    "messageAr": "منطقة رقم ١",
    "UUID": "D3ACCFE2-E95D-433C-BCF4-643BECC5D217",
    "major": 1,
    "minor": 62,
    "interval": 5
  },
  {
    "identifier": "com.navibees.monitoring.region63",
    "type": "all",
    "message": "Region # 63",
    "messageAr": "منطقة رقم ١",
    "UUID": "D3ACCFE2-E95D-433C-BCF4-643BECC5D217",
    "major": 1,
    "minor": 63,
    "interval": 5
  },
  {
    "identifier": "com.navibees.monitoring.region64",
    "type": "all",
    "message": "Region # 64",
    "messageAr": "منطقة رقم ١",
    "UUID": "D3ACCFE2-E95D-433C-BCF4-643BECC5D217",
    "major": 1,
    "minor": 64,
    "interval": 5
  },
  {
    "identifier": "com.navibees.monitoring.region65",
    "type": "all",
    "message": "Region # 65",
    "messageAr": "منطقة رقم ١",
    "UUID": "D3ACCFE2-E95D-433C-BCF4-643BECC5D217",
    "major": 1,
    "minor": 65,
    "interval": 5
  },
  {
    "identifier": "com.navibees.monitoring.region66",
    "type": "all",
    "message": "Region # 66",
    "messageAr": "منطقة رقم ١",
    "UUID": "D3ACCFE2-E95D-433C-BCF4-643BECC5D217",
    "major": 1,
    "minor": 66,
    "interval": 5
  },
  {
    "identifier": "com.navibees.monitoring.region67",
    "type": "all",
    "message": "Region # 67",
    "messageAr": "منطقة رقم ١",
    "UUID": "D3ACCFE2-E95D-433C-BCF4-643BECC5D217",
    "major": 1,
    "minor": 67,
    "interval": 5
  },
  {
    "identifier": "com.navibees.monitoring.region68",
    "type": "all",
    "message": "Region # 68",
    "messageAr": "منطقة رقم ١",
    "UUID": "D3ACCFE2-E95D-433C-BCF4-643BECC5D217",
    "major": 1,
    "minor": 68,
    "interval": 5
  },
  {
    "identifier": "com.navibees.monitoring.region69",
    "type": "all",
    "message": "Region # 69",
    "messageAr": "منطقة رقم ١",
    "UUID": "D3ACCFE2-E95D-433C-BCF4-643BECC5D217",
    "major": 1,
    "minor": 69,
    "interval": 5
  },
  {
    "identifier": "com.navibees.monitoring.region70",
    "type": "all",
    "message": "Region # 70",
    "messageAr": "منطقة رقم ١",
    "UUID": "D3ACCFE2-E95D-433C-BCF4-643BECC5D217",
    "major": 1,
    "minor": 70,
    "interval": 5
  },
  {
    "identifier": "com.navibees.monitoring.region71",
    "type": "all",
    "message": "Region # 71",
    "messageAr": "منطقة رقم ١",
    "UUID": "D3ACCFE2-E95D-433C-BCF4-643BECC5D217",
    "major": 1,
    "minor": 71,
    "interval": 5
  },
  {
    "identifier": "com.navibees.monitoring.region72",
    "type": "all",
    "message": "Region # 72",
    "messageAr": "منطقة رقم ١",
    "UUID": "D3ACCFE2-E95D-433C-BCF4-643BECC5D217",
    "major": 1,
    "minor": 72,
    "interval": 5
  },
  {
    "identifier": "com.navibees.monitoring.region72",
    "type": "all",
    "message": "Region # 72",
    "messageAr": "منطقة رقم ١",
    "UUID": "D3ACCFE2-E95D-433C-BCF4-643BECC5D217",
    "major": 1,
    "minor": 73,
    "interval": 5
  },
  {
    "identifier": "com.navibees.monitoring.region72",
    "type": "all",
    "message": "Region # 72",
    "messageAr": "منطقة رقم ١",
    "UUID": "D3ACCFE2-E95D-433C-BCF4-643BECC5D217",
    "major": 1,
    "minor": 74,
    "interval": 5
  },
  {
    "identifier": "com.navibees.monitoring.region72",
    "type": "all",
    "message": "Region # 72",
    "messageAr": "منطقة رقم ١",
    "UUID": "D3ACCFE2-E95D-433C-BCF4-643BECC5D217",
    "major": 1,
    "minor": 75,
    "interval": 5
  },
  {
    "identifier": "com.navibees.monitoring.region72",
    "type": "all",
    "message": "Region # 72",
    "messageAr": "منطقة رقم ١",
    "UUID": "D3ACCFE2-E95D-433C-BCF4-643BECC5D217",
    "major": 1,
    "minor": 76,
    "interval": 5
  },
  {
    "identifier": "com.navibees.monitoring.region72",
    "type": "all",
    "message": "Region # 72",
    "messageAr": "منطقة رقم ١",
    "UUID": "D3ACCFE2-E95D-433C-BCF4-643BECC5D217",
    "major": 1,
    "minor": 77,
    "interval": 5
  },
  {
    "identifier": "com.navibees.monitoring.region72",
    "type": "all",
    "message": "Region # 72",
    "messageAr": "منطقة رقم ١",
    "UUID": "D3ACCFE2-E95D-433C-BCF4-643BECC5D217",
    "major": 1,
    "minor": 78,
    "interval": 5
  },
  {
    "identifier": "com.navibees.monitoring.region72",
    "type": "all",
    "message": "Region # 72",
    "messageAr": "منطقة رقم ١",
    "UUID": "D3ACCFE2-E95D-433C-BCF4-643BECC5D217",
    "major": 1,
    "minor": 79,
    "interval": 5
  },
  {
    "identifier": "com.navibees.monitoring.region72",
    "type": "all",
    "message": "Region # 72",
    "messageAr": "منطقة رقم ١",
    "UUID": "D3ACCFE2-E95D-433C-BCF4-643BECC5D217",
    "major": 1,
    "minor": 80,
    "interval": 5
  },
  {
    "identifier": "com.navibees.monitoring.region72",
    "type": "all",
    "message": "Region # 72",
    "messageAr": "منطقة رقم ١",
    "UUID": "D3ACCFE2-E95D-433C-BCF4-643BECC5D217",
    "major": 1,
    "minor": 81,
    "interval": 5
  },
  {
    "identifier": "com.navibees.monitoring.region72",
    "type": "all",
    "message": "Region # 72",
    "messageAr": "منطقة رقم ١",
    "UUID": "D3ACCFE2-E95D-433C-BCF4-643BECC5D217",
    "major": 1,
    "minor": 82,
    "interval": 5
  },
  {
    "identifier": "com.navibees.monitoring.region72",
    "type": "all",
    "message": "Region # 72",
    "messageAr": "منطقة رقم ١",
    "UUID": "D3ACCFE2-E95D-433C-BCF4-643BECC5D217",
    "major": 1,
    "minor": 83,
    "interval": 5
  },
  {
    "identifier": "com.navibees.monitoring.region72",
    "type": "all",
    "message": "Region # 72",
    "messageAr": "منطقة رقم ١",
    "UUID": "D3ACCFE2-E95D-433C-BCF4-643BECC5D217",
    "major": 1,
    "minor": 84,
    "interval": 5
  },
  {
    "identifier": "com.navibees.monitoring.region72",
    "type": "all",
    "message": "Region # 72",
    "messageAr": "منطقة رقم ١",
    "UUID": "D3ACCFE2-E95D-433C-BCF4-643BECC5D217",
    "major": 1,
    "minor": 85,
    "interval": 5
  },
  {
    "identifier": "com.navibees.monitoring.region72",
    "type": "all",
    "message": "Region # 72",
    "messageAr": "منطقة رقم ١",
    "UUID": "D3ACCFE2-E95D-433C-BCF4-643BECC5D217",
    "major": 1,
    "minor": 86,
    "interval": 5
  },
  {
    "identifier": "com.navibees.monitoring.region72",
    "type": "all",
    "message": "Region # 72",
    "messageAr": "منطقة رقم ١",
    "UUID": "D3ACCFE2-E95D-433C-BCF4-643BECC5D217",
    "major": 1,
    "minor": 87,
    "interval": 5
  },
  {
    "identifier": "com.navibees.monitoring.region72",
    "type": "all",
    "message": "Region # 72",
    "messageAr": "منطقة رقم ١",
    "UUID": "D3ACCFE2-E95D-433C-BCF4-643BECC5D217",
    "major": 1,
    "minor": 88,
    "interval": 5
  },
  {
    "identifier": "com.navibees.monitoring.region72",
    "type": "all",
    "message": "Region # 72",
    "messageAr": "منطقة رقم ١",
    "UUID": "D3ACCFE2-E95D-433C-BCF4-643BECC5D217",
    "major": 1,
    "minor": 89,
    "interval": 5
  },
  {
    "identifier": "com.navibees.monitoring.region72",
    "type": "all",
    "message": "Region # 72",
    "messageAr": "منطقة رقم ١",
    "UUID": "D3ACCFE2-E95D-433C-BCF4-643BECC5D217",
    "major": 1,
    "minor": 90,
    "interval": 5
  },
  {
    "identifier": "com.navibees.monitoring.region72",
    "type": "all",
    "message": "Region # 72",
    "messageAr": "منطقة رقم ١",
    "UUID": "D3ACCFE2-E95D-433C-BCF4-643BECC5D217",
    "major": 1,
    "minor": 91,
    "interval": 5
  },
  {
    "identifier": "com.navibees.monitoring.region72",
    "type": "all",
    "message": "Region # 72",
    "messageAr": "منطقة رقم ١",
    "UUID": "D3ACCFE2-E95D-433C-BCF4-643BECC5D217",
    "major": 1,
    "minor": 92,
    "interval": 5
  },
  {
    "identifier": "com.navibees.monitoring.region72",
    "type": "all",
    "message": "Region # 72",
    "messageAr": "منطقة رقم ١",
    "UUID": "D3ACCFE2-E95D-433C-BCF4-643BECC5D217",
    "major": 1,
    "minor": 93,
    "interval": 5
  },
  {
    "identifier": "com.navibees.monitoring.region72",
    "type": "all",
    "message": "Region # 72",
    "messageAr": "منطقة رقم ١",
    "UUID": "D3ACCFE2-E95D-433C-BCF4-643BECC5D217",
    "major": 1,
    "minor": 94,
    "interval": 5
  },
  {
    "identifier": "com.navibees.monitoring.region72",
    "type": "all",
    "message": "Region # 72",
    "messageAr": "منطقة رقم ١",
    "UUID": "D3ACCFE2-E95D-433C-BCF4-643BECC5D217",
    "major": 1,
    "minor": 95,
    "interval": 5
  },
  {
    "identifier": "com.navibees.monitoring.region72",
    "type": "all",
    "message": "Region # 72",
    "messageAr": "منطقة رقم ١",
    "UUID": "D3ACCFE2-E95D-433C-BCF4-643BECC5D217",
    "major": 1,
    "minor": 96,
    "interval": 5
  },
  {
    "identifier": "com.navibees.monitoring.region72",
    "type": "all",
    "message": "Region # 72",
    "messageAr": "منطقة رقم ١",
    "UUID": "D3ACCFE2-E95D-433C-BCF4-643BECC5D217",
    "major": 1,
    "minor": 97,
    "interval": 5
  },
  {
    "identifier": "com.navibees.monitoring.region72",
    "type": "all",
    "message": "Region # 72",
    "messageAr": "منطقة رقم ١",
    "UUID": "D3ACCFE2-E95D-433C-BCF4-643BECC5D217",
    "major": 1,
    "minor": 98,
    "interval": 5
  },
  {
    "identifier": "com.navibees.monitoring.region72",
    "type": "all",
    "message": "Region # 72",
    "messageAr": "منطقة رقم ١",
    "UUID": "D3ACCFE2-E95D-433C-BCF4-643BECC5D217",
    "major": 1,
    "minor": 99,
    "interval": 5
  },
  {
    "identifier": "com.navibees.monitoring.region72",
    "type": "all",
    "message": "Region # 72",
    "messageAr": "منطقة رقم ١",
    "UUID": "D3ACCFE2-E95D-433C-BCF4-643BECC5D217",
    "major": 1,
    "minor": 100,
    "interval": 5
  },
  {
    "identifier": "com.navibees.monitoring.region72",
    "type": "all",
    "message": "Region # 72",
    "messageAr": "منطقة رقم ١",
    "UUID": "D3ACCFE2-E95D-433C-BCF4-643BECC5D217",
    "major": 1,
    "minor": 101,
    "interval": 5
  },
  {
    "identifier": "com.navibees.monitoring.region72",
    "type": "all",
    "message": "Region # 72",
    "messageAr": "منطقة رقم ١",
    "UUID": "D3ACCFE2-E95D-433C-BCF4-643BECC5D217",
    "major": 1,
    "minor": 102,
    "interval": 5
  },
  {
    "identifier": "com.navibees.monitoring.region72",
    "type": "all",
    "message": "Region # 72",
    "messageAr": "منطقة رقم ١",
    "UUID": "D3ACCFE2-E95D-433C-BCF4-643BECC5D217",
    "major": 1,
    "minor": 103,
    "interval": 5
  },
  {
    "identifier": "com.navibees.monitoring.region72",
    "type": "all",
    "message": "Region # 72",
    "messageAr": "منطقة رقم ١",
    "UUID": "D3ACCFE2-E95D-433C-BCF4-643BECC5D217",
    "major": 1,
    "minor": 104,
    "interval": 5
  },
  {
    "identifier": "com.navibees.monitoring.region72",
    "type": "all",
    "message": "Region # 72",
    "messageAr": "منطقة رقم ١",
    "UUID": "D3ACCFE2-E95D-433C-BCF4-643BECC5D217",
    "major": 1,
    "minor": 105,
    "interval": 5
  }
]