[{"id":0,"locations":[{"x":599501.8609430525,"y":2358377.8721771594,"floor":0,"$$hashKey":"object:128"}],"entryPoints":[{"x":599502.65469464,"y":2358368.1487202127,"floor":0,"$$hashKey":"object:130"}],"categoryId":0,"name":"Sensor Factory","nameAr":"مصنع الحساسات"},{"id":1,"locations":[{"x":599500.1411479462,"y":2358354.5887972596,"floor":0,"$$hashKey":"object:133"}],"entryPoints":[{"x":599501.927089018,"y":2358360.7403720627,"floor":0,"$$hashKey":"object:135"}],"categoryId":0,"nameAr":"وادي مكة","name":"Wadi Makkah"},{"id":2,"locations":[{"x":599482.877050918,"y":2358369.5377854905,"floor":1,"$$hashKey":"object:138"}],"entryPoints":[{"x":599485.0598677836,"y":2358362.989334894,"floor":1,"$$hashKey":"object:140"}],"categoryId":0,"name":"NaviBees","nameAr":"نافي بيز"},{"id":3,"locations":[{"x":599506.358868715,"y":2358353.728899706,"floor":1,"$$hashKey":"object:143"}],"entryPoints":[{"x":599508.2109557525,"y":2358358.160679403,"floor":1,"$$hashKey":"object:145"}],"categoryId":1,"name":"Meeting Room","nameAr":"غرفة اجتماعات"}]